mean_fit_time,std_fit_time,mean_score_time,std_score_time,param_criterion,param_max_depth,param_max_features,param_min_samples_leaf,params,split0_test_score,split1_test_score,split2_test_score,split3_test_score,split4_test_score,mean_test_score,std_test_score,rank_test_score
0.10879464149475097,0.010390218860380314,0.006298208236694336,0.0005578415506402623,gini,3,9,1,"{'criterion': 'gini', 'max_depth': 3, 'max_features': 9, 'min_samples_leaf': 1}",0.7129837649951253,0.5656394387690221,0.7429104319443856,0.5580941884617014,0.5504451038575667,0.6260145856055602,0.08390156414553661,250
0.11738653182983398,0.011889663645395083,0.008977270126342774,0.0016983037514934247,gini,3,9,2,"{'criterion': 'gini', 'max_depth': 3, 'max_features': 9, 'min_samples_leaf': 2}",0.7095078631681574,0.5585180789284049,0.7450722733245729,0.7366368530371752,0.5391267486222976,0.6577723634161216,0.08993957841437657,241
0.1240224838256836,0.014534495897677127,0.007770109176635742,0.0013376970524583344,gini,3,9,3,"{'criterion': 'gini', 'max_depth': 3, 'max_features': 9, 'min_samples_leaf': 3}",0.6352846424483913,0.5552541223347887,0.7250646432961723,0.6718663897248951,0.5503603221704112,0.6275660239949317,0.0674059518977513,249
0.11300477981567383,0.009530690233999939,0.007923698425292969,0.000765572186690817,gini,3,9,4,"{'criterion': 'gini', 'max_depth': 3, 'max_features': 9, 'min_samples_leaf': 4}",0.7064558518078928,0.5389343393667076,0.7195964562756983,0.551184773854436,0.602585841458245,0.623751452552596,0.07607119170136373,252
0.10607590675354003,0.013511809866201745,0.007581853866577148,0.0006298833789460183,gini,3,9,5,"{'criterion': 'gini', 'max_depth': 3, 'max_features': 9, 'min_samples_leaf': 5}",0.6725022254249502,0.540587512186851,0.7137891568818617,0.7009876647874189,0.6320474777448071,0.6519828074051779,0.06236806324394527,245
0.10740389823913574,0.006509923475119393,0.007911491394042968,0.0011425453883833247,gini,3,9,7,"{'criterion': 'gini', 'max_depth': 3, 'max_features': 9, 'min_samples_leaf': 7}",0.7304904412699759,0.7075155779746514,0.7390106396507142,0.7263787037429528,0.7069097075031793,0.7220610140282947,0.012791554215525759,189
0.12062959671020508,0.017262054742445937,0.007611608505249024,0.0005807870831979992,gini,3,9,8,"{'criterion': 'gini', 'max_depth': 3, 'max_features': 9, 'min_samples_leaf': 8}",0.6225255394006188,0.6817006485524141,0.7277351532364037,0.7478699504048154,0.6208562950402713,0.6801375173269046,0.05232411323745704,224
0.10528740882873536,0.014011575187885502,0.008613967895507812,0.0003755282775666121,gini,3,9,9,"{'criterion': 'gini', 'max_depth': 3, 'max_features': 9, 'min_samples_leaf': 9}",0.7526175236318935,0.5525836123945572,0.7065830189479039,0.6262557755076088,0.7335735481136074,0.6743226957191142,0.07458190835519615,232
0.13290114402770997,0.011171128556100396,0.007111406326293946,0.00022501695404797054,gini,3,11,1,"{'criterion': 'gini', 'max_depth': 3, 'max_features': 11, 'min_samples_leaf': 1}",0.7128565978551142,0.7104828112415752,0.551184773854436,0.6989529905472426,0.7149639677829589,0.6776882282562653,0.06349345437377149,227
0.11595487594604492,0.009836796646944278,0.0068395137786865234,0.0008325251647219903,gini,3,11,2,"{'criterion': 'gini', 'max_depth': 3, 'max_features': 11, 'min_samples_leaf': 2}",0.613454283413166,0.7037005637743207,0.6995888262472977,0.5512695519477767,0.5509537939805003,0.6237934038726123,0.06753120098982342,251
0.11756696701049804,0.009719326000417342,0.008281135559082031,0.0011604658338048668,gini,3,11,3,"{'criterion': 'gini', 'max_depth': 3, 'max_features': 11, 'min_samples_leaf': 3}",0.5389343393667076,0.5505489381543809,0.553049891907931,0.7376541901572634,0.5393810936837643,0.5839136906540094,0.07708205524640703,256
0.12895894050598145,0.0165673728462585,0.0067141056060791016,0.0007282537082266779,gini,3,11,4,"{'criterion': 'gini', 'max_depth': 3, 'max_features': 11, 'min_samples_leaf': 4}",0.7196812343690391,0.7412148700775719,0.739604086304099,0.7081090246280362,0.7105977108944468,0.7238413852546386,0.014074868781644696,185
0.12387628555297851,0.007935953233804582,0.007491064071655273,0.0009111843239309021,gini,3,11,5,"{'criterion': 'gini', 'max_depth': 3, 'max_features': 11, 'min_samples_leaf': 5}",0.5438090797337968,0.7128142088084439,0.5519053876478318,0.7190030096223136,0.7559135226791013,0.6566890416982974,0.09011111205257857,244
0.12517528533935546,0.009138907757738329,0.007720804214477539,0.0011637044679564785,gini,3,11,7,"{'criterion': 'gini', 'max_depth': 3, 'max_features': 11, 'min_samples_leaf': 7}",0.7064558518078928,0.7124750964350812,0.679454029078886,0.5389343393667076,0.7416701992369649,0.6757979031851065,0.07123101580522515,230
0.1258692741394043,0.006302546378672739,0.006413030624389649,0.0005780171647630103,gini,3,11,8,"{'criterion': 'gini', 'max_depth': 3, 'max_features': 11, 'min_samples_leaf': 8}",0.739222584884066,0.5705141791361112,0.7450722733245729,0.7049298461277606,0.5568885120813905,0.6633254791107802,0.08260338702169603,238
0.12083487510681153,0.010334255347327048,0.007946586608886719,0.0010574999310720928,gini,3,11,9,"{'criterion': 'gini', 'max_depth': 3, 'max_features': 11, 'min_samples_leaf': 9}",0.6537662667966597,0.7532533593319486,0.5388919503200373,0.741342037217583,0.6249258160237389,0.6624358859379935,0.07901805597763203,239
0.13839616775512695,0.01925642965254837,0.007524728775024414,0.0005475954617322743,gini,3,12,1,"{'criterion': 'gini', 'max_depth': 3, 'max_features': 12, 'min_samples_leaf': 1}",0.739222584884066,0.7147217159086092,0.7404094781908355,0.5797549913102454,0.7125052988554472,0.6973228138298406,0.05994576548389704,211
0.1222139835357666,0.010991465747075529,0.007885122299194336,0.0009852053401647317,gini,3,12,2,"{'criterion': 'gini', 'max_depth': 3, 'max_features': 12, 'min_samples_leaf': 2}",0.7395193082107583,0.5999745665719978,0.7128989869017845,0.7331609512102073,0.6390843577787197,0.6849276341346936,0.055511674457752604,221
0.1261207103729248,0.00909390965420415,0.006732368469238281,0.000890839432886409,gini,3,12,3,"{'criterion': 'gini', 'max_depth': 3, 'max_features': 12, 'min_samples_leaf': 3}",0.717053113475478,0.7075155779746514,0.5656818278156924,0.7044211775677165,0.6366680796947859,0.6662679553056648,0.0578444270690998,236
0.12779297828674316,0.013784465032889158,0.006796932220458985,0.0008702426883001091,gini,3,12,4,"{'criterion': 'gini', 'max_depth': 3, 'max_features': 12, 'min_samples_leaf': 4}",0.6691111016913229,0.6350726972150397,0.7346445678436692,0.6019244627188335,0.6447223399745655,0.6570950338886862,0.04436254026211834,243
0.12409234046936035,0.006568047463788521,0.007862520217895509,0.0009259853175654659,gini,3,12,5,"{'criterion': 'gini', 'max_depth': 3, 'max_features': 12, 'min_samples_leaf': 5}",0.7124750964350812,0.7435462676444407,0.6081980416260439,0.7387139163240218,0.7533276812208562,0.7112522006500888,0.053271106281560836,203
0.1276212215423584,0.016824813891067304,0.0071471214294433595,0.000740804721902155,gini,3,12,7,"{'criterion': 'gini', 'max_depth': 3, 'max_features': 12, 'min_samples_leaf': 7}",0.7369335763638676,0.7256157009028867,0.7402823110508244,0.6718663897248951,0.5570156846121238,0.6863427325309195,0.06920451933191687,219
0.1305368423461914,0.01054399179044079,0.0064300537109375,0.0005159702969472015,gini,3,12,8,"{'criterion': 'gini', 'max_depth': 3, 'max_features': 12, 'min_samples_leaf': 8}",0.7447331609512102,0.7141706583018947,0.6324869653681489,0.711330592174982,0.7236540907164053,0.7052750935025283,0.03823254728618298,206
0.13084335327148439,0.007844148940244934,0.007725143432617187,0.0006579369250339137,gini,3,12,9,"{'criterion': 'gini', 'max_depth': 3, 'max_features': 12, 'min_samples_leaf': 9}",0.739222584884066,0.6605485142639143,0.7065830189479039,0.5527531685812386,0.7397626112759644,0.6797739795906174,0.06979312593742396,225
0.1448202133178711,0.008881382532938327,0.007270336151123047,0.0004293214945773001,gini,3,15,1,"{'criterion': 'gini', 'max_depth': 3, 'max_features': 15, 'min_samples_leaf': 1}",0.7242168623627655,0.7122631512017294,0.7387563053706923,0.5681403925225722,0.7364985163204748,0.6959750455556468,0.06461731810030755,213
0.14918222427368164,0.009735841143985152,0.006801128387451172,0.001041314328736416,gini,3,15,2,"{'criterion': 'gini', 'max_depth': 3, 'max_features': 15, 'min_samples_leaf': 2}",0.7511762960451019,0.7398584205841211,0.7402823110508244,0.753168581238608,0.7449342941924544,0.7458839806222219,0.005471050881691168,136
0.14066100120544434,0.013493327267497955,0.007228040695190429,0.0004729230597482279,gini,3,15,3,"{'criterion': 'gini', 'max_depth': 3, 'max_features': 15, 'min_samples_leaf': 3}",0.7196812343690391,0.7398584205841211,0.7065830189479039,0.7182400067822474,0.7397626112759644,0.7248250583918552,0.013051638198502013,184
0.13294172286987305,0.013174855481219768,0.00744013786315918,0.0008365465551539484,gini,3,15,4,"{'criterion': 'gini', 'max_depth': 3, 'max_features': 15, 'min_samples_leaf': 4}",0.7560934254588614,0.67746174388538,0.5588571913017676,0.7619855029460387,0.741034336583298,0.6990864400350691,0.07628575779381104,209
0.14107217788696289,0.014651595688527476,0.00632634162902832,0.0006635208606177152,gini,3,15,5,"{'criterion': 'gini', 'max_depth': 3, 'max_features': 15, 'min_samples_leaf': 5}",0.7092535288881353,0.7075155779746514,0.6366834809885126,0.7542283074053665,0.6662568885120814,0.6947875567537494,0.04023568655526778,214
0.1485682964324951,0.014739796769139144,0.0065096855163574215,0.00134894720251674,gini,3,15,7,"{'criterion': 'gini', 'max_depth': 3, 'max_features': 15, 'min_samples_leaf': 7}",0.7263787037429528,0.7128565978551142,0.7476580051714637,0.6361324233817981,0.7456549385332768,0.7137361337369211,0.04087162214019924,198
0.13343005180358886,0.017253398151601693,0.0068572044372558595,0.0011481699087285506,gini,3,15,8,"{'criterion': 'gini', 'max_depth': 3, 'max_features': 15, 'min_samples_leaf': 8}",0.7064558518078928,0.7528294688652453,0.739604086304099,0.7481666737315078,0.7417973717676982,0.7377706904952885,0.01634036656701545,159
0.13964176177978516,0.009065698682924022,0.007142162322998047,0.0011365323049345292,gini,3,15,9,"{'criterion': 'gini', 'max_depth': 3, 'max_features': 15, 'min_samples_leaf': 9}",0.7274808189563817,0.729642660336569,0.7101436988682125,0.7483362299181892,0.7005510809665112,0.7232308978091727,0.016583721517838948,187
0.16049041748046874,0.013538625201127487,0.006882810592651367,0.0006771118305029434,gini,3,17,1,"{'criterion': 'gini', 'max_depth': 3, 'max_features': 17, 'min_samples_leaf': 1}",0.7510491289050909,0.6457971260226357,0.7477427832648044,0.711330592174982,0.7137346333192031,0.7139308527373431,0.03786823905265656,197
0.15933218002319335,0.016395358073987468,0.008769989013671875,0.0018375974477388957,gini,3,17,2,"{'criterion': 'gini', 'max_depth': 3, 'max_features': 17, 'min_samples_leaf': 2}",0.715315162561994,0.7075155779746514,0.7128989869017845,0.6786486371921495,0.7475201356506994,0.7123797000562557,0.021932537921019606,201
0.18391766548156738,0.016873803536480454,0.007198429107666016,0.0014626544108037342,gini,3,17,3,"{'criterion': 'gini', 'max_depth': 3, 'max_features': 17, 'min_samples_leaf': 3}",0.7578313763723454,0.7398584205841211,0.745580941884617,0.6360900343351278,0.7020347604917337,0.716279106733589,0.04421393768710348,196
0.1721672534942627,0.019931509548317922,0.0067845344543457035,0.001150946448800887,gini,3,17,4,"{'criterion': 'gini', 'max_depth': 3, 'max_features': 17, 'min_samples_leaf': 4}",0.7303632741299648,0.7075579670213217,0.7066677970412445,0.7426560976643636,0.7590080542602797,0.7292506380234348,0.02023365913726818,172
0.16951842308044435,0.016436301747557846,0.007411384582519531,0.0012120528393828346,gini,3,17,5,"{'criterion': 'gini', 'max_depth': 3, 'max_features': 17, 'min_samples_leaf': 5}",0.6266796659743122,0.7191301767623246,0.723665804756051,0.7436310457377814,0.7476049173378551,0.7121423221136649,0.0441239656755921,202
0.16127276420593262,0.009612831084422168,0.008579730987548828,0.002758985619781131,gini,3,17,7,"{'criterion': 'gini', 'max_depth': 3, 'max_features': 17, 'min_samples_leaf': 7}",0.7033190623542876,0.7245559747361282,0.7273536518163707,0.7112034250349709,0.6287409919457397,0.6990346211774995,0.03622412874833827,210
0.1798483371734619,0.03538176131727975,0.0071141719818115234,0.00048675814111363874,gini,3,17,8,"{'criterion': 'gini', 'max_depth': 3, 'max_features': 17, 'min_samples_leaf': 8}",0.7447331609512102,0.7128142088084439,0.7280742656097664,0.7044211775677165,0.7456549385332768,0.7271395502940827,0.016580520488442545,178
0.17004013061523438,0.01870573145114773,0.006917238235473633,0.0006524458828396593,gini,3,17,9,"{'criterion': 'gini', 'max_depth': 3, 'max_features': 17, 'min_samples_leaf': 9}",0.7125174854817515,0.743207155271078,0.723665804756051,0.7481666737315078,0.7417973717676982,0.7338708982016173,0.013523875511697927,165
0.18182973861694335,0.010595173802962262,0.006812477111816406,0.0010309995305328404,gini,3,20,1,"{'criterion': 'gini', 'max_depth': 3, 'max_features': 20, 'min_samples_leaf': 1}",0.7446059938111992,0.7460048323513204,0.7450722733245729,0.6517315925564834,0.6777871979652396,0.713040378001763,0.04027564908335383,199
0.16895570755004882,0.019818307283804466,0.0066302776336669925,0.0008406232249540781,gini,3,20,2,"{'criterion': 'gini', 'max_depth': 3, 'max_features': 20, 'min_samples_leaf': 2}",0.7064558518078928,0.7435886566911111,0.745580941884617,0.7308719426900089,0.7055955913522679,0.7264185968851795,0.017400847444412157,181
0.16254520416259766,0.007826236586201255,0.006699609756469727,0.0006174274050806104,gini,3,20,3,"{'criterion': 'gini', 'max_depth': 3, 'max_features': 20, 'min_samples_leaf': 3}",0.7126022635750922,0.7466830570980458,0.7580857106523674,0.7044211775677165,0.7137346333192031,0.727105368442485,0.021197908485084026,179
0.16769719123840332,0.006694865406364233,0.005762052536010742,0.0006868361069473349,gini,3,20,4,"{'criterion': 'gini', 'max_depth': 3, 'max_features': 20, 'min_samples_leaf': 4}",0.7363825187571531,0.7128565978551142,0.7451570514179137,0.7420626510109788,0.7154726579058923,0.7303862953894104,0.013565943296096039,171
0.1759021282196045,0.006799182843917598,0.008051586151123048,0.002034713890007779,gini,3,20,5,"{'criterion': 'gini', 'max_depth': 3, 'max_features': 20, 'min_samples_leaf': 5}",0.7385443601373405,0.7095078631681574,0.7476580051714637,0.7206985714891272,0.712547689699025,0.7257912979330227,0.014881349068337024,182
0.16398797035217286,0.009533089184035944,0.007392072677612304,0.0013586090853776195,gini,3,20,7,"{'criterion': 'gini', 'max_depth': 3, 'max_features': 20, 'min_samples_leaf': 7}",0.7505828493917172,0.7580433216056971,0.7463015556780128,0.7382476368106481,0.7430690970750318,0.7472488921122213,0.006738333757060664,133
0.17184276580810548,0.004100251292571273,0.007241106033325196,0.0008622905762844296,gini,3,20,8,"{'criterion': 'gini', 'max_depth': 3, 'max_features': 20, 'min_samples_leaf': 8}",0.7446059938111992,0.7490992327582553,0.739604086304099,0.7116697045483447,0.7525222551928783,0.7395002545229553,0.01457622551428751,157
0.19741921424865722,0.021361108300115846,0.007374382019042969,0.0015295535752425072,gini,3,20,9,"{'criterion': 'gini', 'max_depth': 3, 'max_features': 20, 'min_samples_leaf': 9}",0.7451146623712432,0.7490992327582553,0.7450722733245729,0.7121359840617184,0.7121237812632472,0.7327091867558073,0.01686648114515605,168
0.19056143760681152,0.0144936051933802,0.006807899475097657,0.0006450960468083242,gini,3,22,1,"{'criterion': 'gini', 'max_depth': 3, 'max_features': 22, 'min_samples_leaf': 1}",0.7510491289050909,0.7575770420923233,0.745580941884617,0.7368487982705269,0.7456549385332768,0.747342169937167,0.006849141199009916,132
0.1980745315551758,0.021096332408046762,0.008510828018188477,0.0016124732067940625,gini,3,22,2,"{'criterion': 'gini', 'max_depth': 3, 'max_features': 22, 'min_samples_leaf': 2}",0.7510491289050909,0.7398584205841211,0.7451570514179137,0.7420626510109788,0.7476049173378551,0.7451464338511918,0.003958758987474531,142
0.20985841751098633,0.024029573136841068,0.007023763656616211,0.0009947563310259162,gini,3,22,3,"{'criterion': 'gini', 'max_depth': 3, 'max_features': 22, 'min_samples_leaf': 3}",0.7510491289050909,0.7460048323513204,0.7441397142978254,0.7271840956296893,0.7456549385332768,0.7428065419434405,0.008150102353210427,146
0.17624278068542482,0.012556787778990877,0.006854486465454101,0.0008203943799008816,gini,3,22,4,"{'criterion': 'gini', 'max_depth': 3, 'max_features': 22, 'min_samples_leaf': 4}",0.739222584884066,0.7460048323513204,0.7211648510025009,0.7506676274850579,0.7253073336159389,0.7364734458677767,0.011479677913458344,164
0.18478455543518066,0.02589657916472044,0.006467199325561524,0.0005798676992326931,gini,3,22,5,"{'criterion': 'gini', 'max_depth': 3, 'max_features': 22, 'min_samples_leaf': 5}",0.7446483828578695,0.7460048323513204,0.745580941884617,0.7421898181509898,0.7246714709622721,0.7406190892414137,0.008082761107826594,154
0.180910062789917,0.011801032204690342,0.006167888641357422,0.0006288376328477202,gini,3,22,7,"{'criterion': 'gini', 'max_depth': 3, 'max_features': 22, 'min_samples_leaf': 7}",0.7625365605527532,0.7008604976474079,0.7477427832648044,0.7483362299181892,0.7476049173378551,0.7414161977442019,0.02105729002200102,151
0.17690391540527345,0.01344729383026735,0.0061191082000732425,0.0005024407273488723,gini,3,22,8,"{'criterion': 'gini', 'max_depth': 3, 'max_features': 22, 'min_samples_leaf': 8}",0.7257004789962274,0.7412148700775719,0.7476580051714637,0.7382052477639778,0.7126324713861806,0.7330822146790843,0.012470134263386471,166
0.17407970428466796,0.011245244569723794,0.006530094146728516,0.0008044970433696851,gini,3,22,9,"{'criterion': 'gini', 'max_depth': 3, 'max_features': 22, 'min_samples_leaf': 9}",0.739222584884066,0.7466830570980458,0.7476580051714637,0.7112034250349709,0.7590080542602797,0.7407550252897652,0.016072406230441923,153
0.18831582069396974,0.01215147862821806,0.006927967071533203,0.0009869241284922526,gini,3,25,1,"{'criterion': 'gini', 'max_depth': 3, 'max_features': 25, 'min_samples_leaf': 1}",0.7510491289050909,0.7460048323513204,0.7451570514179137,0.7483362299181892,0.712547689699025,0.7406189864583078,0.01418409524353154,155
0.1895458221435547,0.006071007186373393,0.006913328170776367,0.0005689410003692121,gini,3,25,2,"{'criterion': 'gini', 'max_depth': 3, 'max_features': 25, 'min_samples_leaf': 2}",0.7510491289050909,0.7490992327582553,0.7477427832648044,0.7421898181509898,0.7476049173378551,0.7475371760833991,0.0029466908125947927,131
0.1991580009460449,0.009053218930302724,0.006281661987304688,0.0004950863470654204,gini,3,25,3,"{'criterion': 'gini', 'max_depth': 3, 'max_features': 25, 'min_samples_leaf': 3}",0.7447331609512102,0.7460048323513204,0.7477427832648044,0.7421898181509898,0.7476049173378551,0.7456551024112359,0.0020562427719234984,137
0.18412494659423828,0.008736296508247868,0.007169294357299805,0.0010310941895442102,gini,3,25,4,"{'criterion': 'gini', 'max_depth': 3, 'max_features': 25, 'min_samples_leaf': 4}",0.7511762960451019,0.7460048323513204,0.7477427832648044,0.7368487982705269,0.7476473081814328,0.7458840036226372,0.004821248783179744,135
0.1796473503112793,0.012623286408980828,0.007161331176757812,0.0005475922728181324,gini,3,25,5,"{'criterion': 'gini', 'max_depth': 3, 'max_features': 25, 'min_samples_leaf': 5}",0.7493535670382773,0.7466406680513755,0.7477427832648044,0.7368487982705269,0.73984739296312,0.7440866419176208,0.004857747042140094,143
0.19375824928283691,0.0056732414264766854,0.006104755401611328,0.0007834282778978897,gini,3,25,7,"{'criterion': 'gini', 'max_depth': 3, 'max_features': 25, 'min_samples_leaf': 7}",0.749311177991607,0.7412148700775719,0.7477427832648044,0.747446059938112,0.741034336583298,0.7453498455710786,0.003508106616967503,140
0.1875389575958252,0.008949632607464132,0.0073107719421386715,0.001221996397155774,gini,3,25,8,"{'criterion': 'gini', 'max_depth': 3, 'max_features': 25, 'min_samples_leaf': 8}",0.7511762960451019,0.7460048323513204,0.7281590437031071,0.7368487982705269,0.7476049173378551,0.7419587775415822,0.008363691094828407,148
0.1866219997406006,0.01276506244119796,0.0069903373718261715,0.0014764127490580893,gini,3,25,9,"{'criterion': 'gini', 'max_depth': 3, 'max_features': 25, 'min_samples_leaf': 9}",0.7510915179517612,0.7460048323513204,0.7477427832648044,0.7421898181509898,0.712547689699025,0.7399153282835801,0.013981554081181768,156
0.39264569282531736,0.009888355587351735,0.016201066970825195,0.0019448969272814337,gini,,9,1,"{'criterion': 'gini', 'max_depth': None, 'max_features': 9, 'min_samples_leaf': 1}",0.7538891950320037,0.7551184773854436,0.7463439447246831,0.7507947946250689,0.751589656634167,0.7515472136802732,0.0030292158974525975,126
0.32160253524780275,0.030340061074738005,0.01152043342590332,0.0009286468405246873,gini,,9,2,"{'criterion': 'gini', 'max_depth': None, 'max_features': 9, 'min_samples_leaf': 2}",0.7107795345682676,0.74719172565809,0.7456233309312874,0.7602899410792251,0.7543450614667232,0.7436459187407186,0.01725211435687781,145
0.3440873146057129,0.01761006536550994,0.011281061172485351,0.0005090584374552066,gini,,9,3,"{'criterion': 'gini', 'max_depth': None, 'max_features': 9, 'min_samples_leaf': 3}",0.7750837183671739,0.7724132084269425,0.7728794879403162,0.7641897333728964,0.7632471386180585,0.7695626573450774,0.004865453941405921,65
0.2976400375366211,0.014559497547694495,0.009519672393798828,0.0005950289739435872,gini,,9,4,"{'criterion': 'gini', 'max_depth': None, 'max_features': 9, 'min_samples_leaf': 4}",0.6835657666059091,0.7628756729261159,0.7721164851002501,0.7393497520240769,0.7463755828740992,0.7408566519060903,0.030909510972416263,152
0.30509028434753416,0.014577469182273832,0.010538768768310548,0.0009881617058866878,gini,,9,5,"{'criterion': 'gini', 'max_depth': None, 'max_features': 9, 'min_samples_leaf': 5}",0.7780085625874275,0.765249459539655,0.7742783264804375,0.7661396295197321,0.7717676981771937,0.7710887352608891,0.004839613240836324,60
0.30582356452941895,0.02796312028483004,0.010062742233276366,0.0016546399956823385,gini,,9,7,"{'criterion': 'gini', 'max_depth': None, 'max_features': 9, 'min_samples_leaf': 7}",0.7715230384468653,0.7604171082192361,0.7676656351998643,0.759272603959137,0.7805002119542179,0.7678757195558642,0.007776494838767763,73
0.2859428882598877,0.029545750720083343,0.008640289306640625,0.00039409727155165897,gini,,9,8,"{'criterion': 'gini', 'max_depth': None, 'max_features': 9, 'min_samples_leaf': 8}",0.7861472595481328,0.7360857954304608,0.7624093934127422,0.7566868721122462,0.7754557015684612,0.7633570044144087,0.01705802844921246,94
0.3059213638305664,0.03961974151337939,0.009009122848510742,0.0006370475727270441,gini,,9,9,"{'criterion': 'gini', 'max_depth': None, 'max_features': 9, 'min_samples_leaf': 9}",0.7309567207833496,0.7828833029545166,0.7846212538680005,0.7869102623881989,0.780669775328529,0.773208263064519,0.02122486528495736,50
0.4164422512054443,0.03797440247649333,0.013323259353637696,0.001203132546703889,gini,,11,1,"{'criterion': 'gini', 'max_depth': None, 'max_features': 11, 'min_samples_leaf': 1}",0.7571531516256199,0.75592386927218,0.7531261921919375,0.7563053706922132,0.7526494277236117,0.7550316023011124,0.0018013850893121362,111
0.3741613388061523,0.019980903532790112,0.012904500961303711,0.0013851527908878797,gini,,11,2,"{'criterion': 'gini', 'max_depth': None, 'max_features': 11, 'min_samples_leaf': 2}",0.761264889152643,0.7614344453393244,0.7528294688652453,0.7506676274850579,0.7517592200084782,0.7555911301701496,0.004751569435417408,104
0.3466792106628418,0.015833715128081214,0.012064599990844726,0.0011033035826975737,gini,,11,3,"{'criterion': 'gini', 'max_depth': None, 'max_features': 11, 'min_samples_leaf': 3}",0.7728794879403162,0.7720317070069094,0.765630960959688,0.7712263151201729,0.7618482407799915,0.7687233423614156,0.004273488968519781,69
0.35736446380615233,0.02406486704382292,0.00993208885192871,0.0009510452079502732,gini,,11,4,"{'criterion': 'gini', 'max_depth': None, 'max_features': 11, 'min_samples_leaf': 4}",0.775338052647196,0.7711839260735026,0.7795345682675596,0.7720740960535798,0.7616362865621026,0.7719533859207881,0.00593261280033655,55
0.36809396743774414,0.036372297056403276,0.010212278366088868,0.0008046913721134803,gini,,11,5,"{'criterion': 'gini', 'max_depth': None, 'max_features': 11, 'min_samples_leaf': 5}",0.7758043321605697,0.773600101733712,0.7783900640074605,0.7778813954474164,0.7774056803730395,0.7766163147444396,0.0017393430007515507,32
0.3556218147277832,0.029799070991537904,0.010616922378540039,0.0013719209121382378,gini,,11,7,"{'criterion': 'gini', 'max_depth': None, 'max_features': 11, 'min_samples_leaf': 7}",0.7769488364206689,0.7819931329744394,0.7806366834809885,0.7773727268873724,0.7807121661721068,0.7795327091871151,0.002000274243327368,13
0.352339506149292,0.032875135007286706,0.009357738494873046,0.00033402367713620255,gini,,11,8,"{'criterion': 'gini', 'max_depth': None, 'max_features': 11, 'min_samples_leaf': 8}",0.7776270611673943,0.7782628968674494,0.776101055487262,0.7782205078207791,0.7749470114455278,0.7770317065576825,0.0013035022254546133,30
0.3327908992767334,0.0252317039552317,0.009302520751953125,0.0012176505735790324,gini,,11,9,"{'criterion': 'gini', 'max_depth': None, 'max_features': 11, 'min_samples_leaf': 9}",0.7865711500148361,0.7852570895680556,0.7724555974736128,0.7787715654274935,0.7556591776176346,0.7757429160203265,0.011234819788701784,38
0.4785738945007324,0.02953886972466086,0.012514305114746094,0.0004792493460905291,gini,,12,1,"{'criterion': 'gini', 'max_depth': None, 'max_features': 12, 'min_samples_leaf': 1}",0.7568988173455979,0.7577042092323344,0.7520240769785087,0.7485905641982111,0.7546841882153454,0.7539803711939996,0.0033393640886994606,119
0.40377302169799806,0.029933360350469316,0.013017416000366211,0.0018707747068417322,gini,,12,2,"{'criterion': 'gini', 'max_depth': None, 'max_features': 12, 'min_samples_leaf': 2}",0.7550760883387733,0.7578737654190157,0.7563477597388835,0.7550760883387733,0.7543450614667232,0.7557437526604337,0.0012449632324482186,102
0.3842717170715332,0.032646716539444856,0.011362314224243164,0.0009096832313462733,gini,,12,3,"{'criterion': 'gini', 'max_depth': None, 'max_features': 12, 'min_samples_leaf': 3}",0.7721588741469204,0.7689373065999746,0.769997032766733,0.7603747191725658,0.7648155998304367,0.7672567065033261,0.004187739335962687,77
0.3852526664733887,0.04826412520759478,0.010894155502319336,0.002498917929407504,gini,,12,4,"{'criterion': 'gini', 'max_depth': None, 'max_features': 12, 'min_samples_leaf': 4}",0.7788563435208342,0.7745326607604595,0.7386291382306812,0.7667330761731168,0.7718948707079271,0.7661292178786037,0.014300065436297494,81
0.3860786914825439,0.02489821345870574,0.011611175537109376,0.0019120171596971852,gini,,12,5,"{'criterion': 'gini', 'max_depth': None, 'max_features': 12, 'min_samples_leaf': 5}",0.7805942944343182,0.7771183926073503,0.7759738883472511,0.7727947098469755,0.7671470962272149,0.774725676292622,0.0045362387682116615,43
0.3436904430389404,0.0275805283302845,0.010298585891723633,0.0018066995943761992,gini,,12,7,"{'criterion': 'gini', 'max_depth': None, 'max_features': 12, 'min_samples_leaf': 7}",0.7580009325590268,0.7803399601542961,0.776101055487262,0.7703785341867662,0.7724035608308605,0.7714448086436423,0.007531245663482026,57
0.3875443458557129,0.00717855435135483,0.009173011779785157,0.00033803525937323327,gini,,12,8,"{'criterion': 'gini', 'max_depth': None, 'max_features': 12, 'min_samples_leaf': 8}",0.7848755881480225,0.7833495824678903,0.7800008477809334,0.7772455597473613,0.7816871555743959,0.7814317467437206,0.002652357614043241,3
0.3369600296020508,0.016551884080238062,0.00937337875366211,0.001301628019953282,gini,,12,9,"{'criterion': 'gini', 'max_depth': None, 'max_features': 12, 'min_samples_leaf': 9}",0.777966173540757,0.7768216692806579,0.7797889025475817,0.7670297994998092,0.778677405680373,0.7760567901098359,0.00461548770818994,35
0.5213737964630127,0.01915557457856988,0.013826560974121094,0.00199327241301458,gini,,15,1,"{'criterion': 'gini', 'max_depth': None, 'max_features': 15, 'min_samples_leaf': 1}",0.7587215463524225,0.7566868721122462,0.751684964605146,0.7544402526387182,0.7575243747350572,0.755811602088718,0.0024930784024910957,100
0.4912843704223633,0.05404803428758434,0.013169956207275391,0.0015629434139754368,gini,,15,2,"{'criterion': 'gini', 'max_depth': None, 'max_features': 15, 'min_samples_leaf': 2}",0.7567716502055869,0.7524903564918825,0.7521512441185197,0.7587639353990929,0.7525222551928783,0.754539888281592,0.002712946004318658,116
0.4616596221923828,0.030488146574351865,0.011914300918579101,0.0007085313754630742,gini,,15,3,"{'criterion': 'gini', 'max_depth': None, 'max_features': 15, 'min_samples_leaf': 3}",0.7724979865202831,0.7683862489932601,0.7635962867195116,0.7668178542664575,0.7640525646460364,0.7670701882291098,0.00323823181507491,78
0.4746533393859863,0.021589292095512254,0.010706758499145508,0.0008709663053327045,gini,,15,4,"{'criterion': 'gini', 'max_depth': None, 'max_features': 15, 'min_samples_leaf': 4}",0.7732609893603493,0.7729642660336569,0.769106862786656,0.76588529523971,0.7699872827469266,0.7702409392334598,0.002715117574995251,64
0.47341361045837405,0.01787491958831131,0.010381364822387695,0.001009487504110461,gini,,15,5,"{'criterion': 'gini', 'max_depth': None, 'max_features': 15, 'min_samples_leaf': 5}",0.7763130007206138,0.7732609893603493,0.7776694502140646,0.771353482260184,0.7742263671047054,0.7745646579319834,0.0022280969119439498,44
0.4552756309509277,0.031999010509851225,0.010045528411865234,0.0006979491399988077,gini,,15,7,"{'criterion': 'gini', 'max_depth': None, 'max_features': 15, 'min_samples_leaf': 7}",0.7782205078207791,0.7668602433131279,0.779322623034208,0.7783900640074605,0.7785926239932175,0.7762772124337586,0.004723462767242437,34
0.43845677375793457,0.02264355190439404,0.009842300415039062,0.0008580449234365899,gini,,15,8,"{'criterion': 'gini', 'max_depth': None, 'max_features': 15, 'min_samples_leaf': 8}",0.7842397524479674,0.779704124454241,0.7790682887541859,0.7753804416938663,0.7781263247138618,0.7793037864128245,0.002876057726507411,15
0.4341404914855957,0.03502932038148302,0.010334634780883789,0.0018845560350288144,gini,,15,9,"{'criterion': 'gini', 'max_depth': None, 'max_features': 15, 'min_samples_leaf': 9}",0.7830104700945276,0.7798736806409224,0.7778813954474164,0.7804247382476368,0.7804578211106401,0.7803296211082287,0.0016379331118305555,10
0.5852595329284668,0.047331856302938645,0.012772417068481446,0.0007523700058582753,gini,,17,1,"{'criterion': 'gini', 'max_depth': None, 'max_features': 17, 'min_samples_leaf': 1}",0.7621974481793904,0.7552032554787843,0.7514730193717943,0.7537620278919928,0.7551080966511233,0.755548769514617,0.0035867167538495945,105
0.5142711162567138,0.030341655617250406,0.011606216430664062,0.0007340489663952838,gini,,17,2,"{'criterion': 'gini', 'max_depth': None, 'max_features': 17, 'min_samples_leaf': 2}",0.761137722012632,0.7561358145055318,0.7560510364121911,0.7521936331651902,0.7512929207291225,0.7553622253649335,0.0034936650982073094,109
0.49994769096374514,0.05497944201703311,0.011106443405151368,0.0010442138289104223,gini,,17,3,"{'criterion': 'gini', 'max_depth': None, 'max_features': 17, 'min_samples_leaf': 3}",0.7712687041668432,0.7679623585265567,0.7624093934127422,0.7624941715060828,0.7606612971598135,0.7649591849544077,0.003996965146153798,89
0.5333250522613525,0.05616886076379984,0.010579299926757813,0.0005262871696674102,gini,,17,4,"{'criterion': 'gini', 'max_depth': None, 'max_features': 17, 'min_samples_leaf': 4}",0.7710567589334916,0.7661820185664024,0.7646136238395999,0.7699546437200627,0.7699448919033489,0.7683503873925812,0.00249422353183536,72
0.5130420207977295,0.04357505008481358,0.010692071914672852,0.0007278690231449833,gini,,17,5,"{'criterion': 'gini', 'max_depth': None, 'max_features': 17, 'min_samples_leaf': 5}",0.7739816031537451,0.7759314993005807,0.7716502055868764,0.771734983680217,0.7731665960152607,0.7732929775473361,0.0015860655196964812,49
0.49383912086486814,0.02918996848621793,0.01049199104309082,0.0008028314748102507,gini,,17,7,"{'criterion': 'gini', 'max_depth': None, 'max_features': 17, 'min_samples_leaf': 7}",0.7791954558941969,0.779322623034208,0.7782205078207791,0.7803823492009665,0.7791437049597287,0.7792529281819758,0.0006872515971490653,16
0.5399302482604981,0.022550182778691998,0.009802961349487304,0.0006040904390148667,gini,,17,8,"{'criterion': 'gini', 'max_depth': None, 'max_features': 17, 'min_samples_leaf': 8}",0.7806366834809885,0.7791106778008563,0.7812301301343733,0.7780085625874275,0.7780415430267063,0.7794055194060704,0.0013224084677578504,14
0.4824864864349365,0.0459104824502293,0.009733963012695312,0.0005860269583457718,gini,,17,9,"{'criterion': 'gini', 'max_depth': None, 'max_features': 17, 'min_samples_leaf': 9}",0.7799584587342631,0.785426645754737,0.7782628968674494,0.7810181849010216,0.7788469690546842,0.7807026310624311,0.0025442274238495315,8
0.6598362922668457,0.03281962155627149,0.01246638298034668,0.0006730796827916165,gini,,20,1,"{'criterion': 'gini', 'max_depth': None, 'max_features': 20, 'min_samples_leaf': 1}",0.7572379297189606,0.7549065321520919,0.7527446907719045,0.7538044169386631,0.7522255192878339,0.7541838177738908,0.001783248739104405,117
0.6202960968017578,0.026501415014299055,0.012330055236816406,0.0010420363451046392,gini,,20,2,"{'criterion': 'gini', 'max_depth': None, 'max_features': 20, 'min_samples_leaf': 2}",0.7557967021321691,0.7532533593319486,0.7535076936119707,0.7534653045653004,0.7499788045782111,0.7532003728439199,0.0018594015329145665,122
0.6421838283538819,0.02020953702855845,0.011580896377563477,0.0017727419761601076,gini,,20,3,"{'criterion': 'gini', 'max_depth': None, 'max_features': 20, 'min_samples_leaf': 3}",0.7691492518333263,0.7661396295197321,0.7626637276927641,0.7646984019329405,0.7644340822382365,0.7654170186434,0.002168636256940361,86
0.6354667186737061,0.039035645147270745,0.011098766326904297,0.0007618469611945218,gini,,20,4,"{'criterion': 'gini', 'max_depth': None, 'max_features': 20, 'min_samples_leaf': 4}",0.7742783264804375,0.7678775804332161,0.7668178542664575,0.7688101394599636,0.7644764730818143,0.7684520747443778,0.003252062376273696,71
0.5805083751678467,0.059226882264264126,0.010281848907470702,0.0008095764302124241,gini,,20,5,"{'criterion': 'gini', 'max_depth': None, 'max_features': 20, 'min_samples_leaf': 5}",0.7760586664405917,0.7728794879403162,0.7670721885464796,0.7716502055868764,0.7711318355235269,0.7717584768075582,0.0029022059355538407,56
0.5862889289855957,0.03879900347320704,0.010369110107421874,0.0009143835288759225,gini,,20,7,"{'criterion': 'gini', 'max_depth': None, 'max_features': 20, 'min_samples_leaf': 7}",0.7789835106608453,0.7797889025475817,0.775210885507185,0.7764401678606249,0.7757100466299279,0.777226702641233,0.0018239322308420867,29
0.5815196514129639,0.03255099973904561,0.009584283828735352,0.0006785734815413633,gini,,20,8,"{'criterion': 'gini', 'max_depth': None, 'max_features': 20, 'min_samples_leaf': 8}",0.7805942944343182,0.7764825569072952,0.7800432368276038,0.7745326607604595,0.7807545570156846,0.7784814611890722,0.002516299475698746,22
0.5875234603881836,0.05205388374870085,0.00984206199645996,0.0006937205313917191,gini,,20,9,"{'criterion': 'gini', 'max_depth': None, 'max_features': 20, 'min_samples_leaf': 9}",0.7800432368276038,0.7788987325675045,0.7791106778008563,0.7767792802339876,0.7807545570156846,0.7791172968891273,0.001345520088769182,19
0.7558451175689698,0.03761637552990333,0.01259317398071289,0.0005718887490572731,gini,,22,1,"{'criterion': 'gini', 'max_depth': None, 'max_features': 22, 'min_samples_leaf': 1}",0.7583824339790598,0.7566444830655759,0.7557967021321691,0.7525751345852232,0.7536244171259008,0.7554046341775857,0.00208487289291267,107
0.7214693069458008,0.016388970584231295,0.011862516403198242,0.0012695100389511684,gini,,22,2,"{'criterion': 'gini', 'max_depth': None, 'max_features': 22, 'min_samples_leaf': 2}",0.7582552668390488,0.751812131745157,0.7510067398584206,0.7517697426984867,0.7530733361593895,0.7531834434601006,0.0026211676877838544,123
0.6937331199645996,0.049941964387966546,0.011143922805786133,0.0008313385978477743,gini,,22,3,"{'criterion': 'gini', 'max_depth': None, 'max_features': 22, 'min_samples_leaf': 3}",0.7641049552795558,0.7648255690729515,0.7589758806324446,0.7643169005129075,0.7619330224671471,0.7628312655930013,0.0021669091725428917,95
0.6832638263702393,0.04034479134369414,0.011487674713134766,0.0009202434520013506,gini,,22,4,"{'criterion': 'gini', 'max_depth': None, 'max_features': 22, 'min_samples_leaf': 4}",0.7697003094400406,0.7676656351998643,0.7650375143063033,0.7688101394599636,0.7670623145400594,0.7676551825892463,0.0015950083529184596,74
0.717449951171875,0.013910959572039343,0.010436058044433594,0.0005288978581576847,gini,,22,5,"{'criterion': 'gini', 'max_depth': None, 'max_features': 22, 'min_samples_leaf': 5}",0.7742359374337671,0.7728370988936459,0.7722436522402611,0.7721588741469204,0.7706655362441712,0.7724282197917531,0.0011531427266026624,54
0.6065332889556885,0.04878119817502671,0.010270118713378906,0.0007251200908052485,gini,,22,7,"{'criterion': 'gini', 'max_depth': None, 'max_features': 22, 'min_samples_leaf': 7}",0.7790682887541859,0.7751684964605146,0.7756347759738883,0.7740663812470857,0.7762611275964392,0.7760398140064227,0.0016756089002029294,36
0.6263808727264404,0.041440904603616484,0.010375738143920898,0.0007391268047590559,gini,,22,8,"{'criterion': 'gini', 'max_depth': None, 'max_features': 22, 'min_samples_leaf': 8}",0.7797889025475817,0.7785596201941418,0.7760162773939214,0.7741935483870968,0.7791860958033064,0.7775488888652096,0.0021131442601317325,26
0.6651092529296875,0.022234225292856284,0.009890985488891602,0.000373343866692218,gini,,22,9,"{'criterion': 'gini', 'max_depth': None, 'max_features': 22, 'min_samples_leaf': 9}",0.7817387986944173,0.7830952481878682,0.7839430291212751,0.7771607816540206,0.7782534972445951,0.7808382709804352,0.0026739260424707284,6
0.8264884948730469,0.03975859964362832,0.01263895034790039,0.0006838365991171044,gini,,25,1,"{'criterion': 'gini', 'max_depth': None, 'max_features': 25, 'min_samples_leaf': 1}",0.7613496672459836,0.7543978635920479,0.7540163621720147,0.7524055783985418,0.7565069944891903,0.7557352931795557,0.00309668084575081,103
0.8243443489074707,0.030123994901907356,0.011731195449829101,0.0004552278565816948,gini,,25,2,"{'criterion': 'gini', 'max_depth': None, 'max_features': 25, 'min_samples_leaf': 2}",0.7565173159255648,0.7505404603450468,0.7516425755584757,0.7526599126785639,0.7501483679525223,0.7523017264920346,0.0022835491240496397,124
0.8083064079284668,0.03187218320426591,0.011464977264404297,0.0009323088436923542,gini,,25,3,"{'criterion': 'gini', 'max_depth': None, 'max_features': 25, 'min_samples_leaf': 3}",0.7668178542664575,0.7691492518333263,0.7625789495994235,0.7650375143063033,0.7641797371767698,0.7655526614364561,0.0022596209884931323,84
0.7874656677246094,0.03223123099642635,0.010826015472412109,0.0011529988705971043,gini,,25,4,"{'criterion': 'gini', 'max_depth': None, 'max_features': 25, 'min_samples_leaf': 4}",0.7692764189733373,0.7675808571065237,0.7632571743461489,0.767368911873172,0.7653666807969478,0.766570008619226,0.002069182778152833,80
0.7554333209991455,0.03961046627747945,0.011052989959716797,0.00053518828271062,gini,,25,5,"{'criterion': 'gini', 'max_depth': None, 'max_features': 25, 'min_samples_leaf': 5}",0.7751261074138442,0.7723284303336018,0.7680471366198974,0.7704209232334365,0.7704959728698602,0.771283714094128,0.002353541862675096,58
0.741528844833374,0.036245297002224675,0.009835910797119141,0.0004598147268546766,gini,,25,7,"{'criterion': 'gini', 'max_depth': None, 'max_features': 25, 'min_samples_leaf': 7}",0.7784748421008012,0.7733033784070197,0.773854436013734,0.7770336145140095,0.7738024586689275,0.7752937459408985,0.00206899150042444,42
0.7587894916534423,0.02349312499508971,0.010272598266601563,0.00048380852112179146,gini,,25,8,"{'criterion': 'gini', 'max_depth': None, 'max_features': 25, 'min_samples_leaf': 8}",0.7793650120808783,0.7792378449408672,0.7797465135009114,0.7759738883472511,0.7775328529037728,0.7783712223547362,0.0014198698632676846,23
0.7596932411193847,0.017390305621655732,0.012267589569091797,0.0016220429581041286,gini,,25,9,"{'criterion': 'gini', 'max_depth': None, 'max_features': 25, 'min_samples_leaf': 9}",0.779322623034208,0.7787715654274935,0.7796193463609004,0.779831291594252,0.778677405680373,0.7792444464194453,0.0004552362992358249,17
0.10941104888916016,0.012480865636190665,0.005515480041503906,0.0003100544879835791,entropy,3,9,1,"{'criterion': 'entropy', 'max_depth': 3, 'max_features': 9, 'min_samples_leaf': 1}",0.649696918316307,0.7528294688652453,0.7066254079945742,0.5389343393667076,0.7400593471810089,0.6776290963447685,0.0779869995814739,228
0.11860799789428711,0.02033659381381038,0.006725311279296875,0.001231330270067378,entropy,3,9,2,"{'criterion': 'entropy', 'max_depth': 3, 'max_features': 9, 'min_samples_leaf': 2}",0.649696918316307,0.7147217159086092,0.5473697596541054,0.6007375694120639,0.7149215769393811,0.6454895080460934,0.06521017425757075,247
0.13508477210998535,0.0390412786854003,0.007040786743164063,0.00093106842303978,entropy,3,9,3,"{'criterion': 'entropy', 'max_depth': 3, 'max_features': 9, 'min_samples_leaf': 3}",0.5510152176677546,0.6934848035267687,0.5837395616972574,0.6799626976389301,0.544425604069521,0.6105255769200464,0.06376821605409208,254
0.1290111541748047,0.011228969721702738,0.007330131530761719,0.0007831621216351218,entropy,3,9,4,"{'criterion': 'entropy', 'max_depth': 3, 'max_features': 9, 'min_samples_leaf': 4}",0.5522868890678648,0.6385909880886779,0.6389301004620406,0.6238819888940698,0.5393810936837643,0.5986142120392834,0.04362741613623246,255
0.1257380485534668,0.02527390772105216,0.0064830780029296875,0.000305216197973393,entropy,3,9,5,"{'criterion': 'entropy', 'max_depth': 3, 'max_features': 9, 'min_samples_leaf': 5}",0.6386333771353482,0.5443177482938408,0.7065830189479039,0.6691534907379934,0.7429843153878762,0.6603343901005925,0.06779161820776426,240
0.12858014106750487,0.017593618755025676,0.007710313796997071,0.0005983573291153402,entropy,3,9,7,"{'criterion': 'entropy', 'max_depth': 3, 'max_features': 9, 'min_samples_leaf': 7}",0.6695773812046967,0.753295748378619,0.6258742740875758,0.7000551057606714,0.5389571852479864,0.6575519389359099,0.07236877441415994,242
0.1184852123260498,0.01931539642066063,0.006683540344238281,0.0017040389707627984,entropy,3,9,8,"{'criterion': 'entropy', 'max_depth': 3, 'max_features': 9, 'min_samples_leaf': 8}",0.7059895722945191,0.5511423848077657,0.739604086304099,0.7523631893518715,0.6960576515472658,0.6890313768611043,0.07199838952585014,218
0.12473325729370117,0.020338873509820707,0.0074061393737792965,0.0007695098217514914,entropy,3,9,9,"{'criterion': 'entropy', 'max_depth': 3, 'max_features': 9, 'min_samples_leaf': 9}",0.7064558518078928,0.7165444449154339,0.7080242465346954,0.7112034250349709,0.6940652818991098,0.7072586500384206,0.007444230277534461,205
0.14435734748840331,0.026950312852249914,0.005871629714965821,0.0008838454322684895,entropy,3,11,1,"{'criterion': 'entropy', 'max_depth': 3, 'max_features': 11, 'min_samples_leaf': 1}",0.7064558518078928,0.6911957950065704,0.5580094103683608,0.7380780806239667,0.71992369648156,0.6827325668576701,0.06424420948372365,223
0.14175863265991212,0.00823911690462113,0.006206130981445313,0.0007516899831120107,entropy,3,11,2,"{'criterion': 'entropy', 'max_depth': 3, 'max_features': 11, 'min_samples_leaf': 2}",0.5519477766945021,0.7128142088084439,0.5558051799415031,0.5665296087490992,0.7525222551928783,0.6279238058772852,0.08657234516856735,248
0.13184022903442383,0.006997274013334746,0.006550645828247071,0.0005371178838343065,entropy,3,11,3,"{'criterion': 'entropy', 'max_depth': 3, 'max_features': 11, 'min_samples_leaf': 3}",0.7496079013182994,0.538976728413378,0.5825526683904879,0.6994616591072866,0.5389571852479864,0.6219112284954876,0.08675149610999029,253
0.1335120677947998,0.02950595157789464,0.0064353466033935545,0.0009917134148364568,entropy,3,11,4,"{'criterion': 'entropy', 'max_depth': 3, 'max_features': 11, 'min_samples_leaf': 4}",0.7126022635750922,0.7365944639905049,0.7346445678436692,0.7046331228010682,0.6375158965663417,0.7051980629553352,0.03602456839270333,207
0.14191875457763672,0.011908768358959685,0.006394243240356446,0.0007167302287573712,entropy,3,11,5,"{'criterion': 'entropy', 'max_depth': 3, 'max_features': 11, 'min_samples_leaf': 5}",0.7095078631681574,0.6148531219532872,0.699758382433979,0.7412572591242423,0.5537515896566342,0.6638256432672601,0.06912060071417657,237
0.1329206943511963,0.02279238454827048,0.006380033493041992,0.0002965333471345175,entropy,3,11,7,"{'criterion': 'entropy', 'max_depth': 3, 'max_features': 11, 'min_samples_leaf': 7}",0.6388453223687,0.7075155779746514,0.6388877114153703,0.6718663897248951,0.7068249258160237,0.672787985459928,0.030550617955755494,234
0.12604570388793945,0.025320099162025725,0.006544828414916992,0.0008681479643530944,entropy,3,11,8,"{'criterion': 'entropy', 'max_depth': 3, 'max_features': 11, 'min_samples_leaf': 8}",0.6328260777415116,0.6780128014920944,0.7454961637912764,0.627273112627697,0.712547689699025,0.6792311690703208,0.04550955201330117,226
0.13816967010498046,0.02472675341271436,0.006334114074707031,0.0009928257308094205,entropy,3,11,9,"{'criterion': 'entropy', 'max_depth': 3, 'max_features': 11, 'min_samples_leaf': 9}",0.644949345089229,0.5725064643296173,0.7332881183502183,0.7112034250349709,0.712547689699025,0.6748990085006122,0.05920462388221652,231
0.15025629997253417,0.016789824992380527,0.007228326797485351,0.0007634352980087451,entropy,3,12,1,"{'criterion': 'entropy', 'max_depth': 3, 'max_features': 12, 'min_samples_leaf': 1}",0.7446059938111992,0.5540672290280192,0.7132380992751473,0.7420626510109788,0.7068249258160237,0.6921597797882736,0.07066797939305723,217
0.14893703460693358,0.019358581970966782,0.006911563873291016,0.0019908553953815835,entropy,3,12,2,"{'criterion': 'entropy', 'max_depth': 3, 'max_features': 12, 'min_samples_leaf': 2}",0.715315162561994,0.7170955025221483,0.6659319231910474,0.7047179008944089,0.6277660025434506,0.6861652983426099,0.0345556316565131,220
0.15344347953796386,0.019538824014383196,0.008405828475952148,0.0015030184415860835,entropy,3,12,3,"{'criterion': 'entropy', 'max_depth': 3, 'max_features': 12, 'min_samples_leaf': 3}",0.7446059938111992,0.7459624433046501,0.7227756347759738,0.6194735280403544,0.712547689699025,0.7090730579262405,0.04658610462413121,204
0.14626216888427734,0.016308743019830915,0.007006072998046875,0.0015541483397280818,entropy,3,12,4,"{'criterion': 'entropy', 'max_depth': 3, 'max_features': 12, 'min_samples_leaf': 4}",0.6328260777415116,0.7490568437115849,0.7332881183502183,0.7116697045483447,0.6568885120813904,0.69674585128661,0.04465163724968714,212
0.16065115928649903,0.018466838647538092,0.0067516803741455075,0.0011115836191423608,entropy,3,12,5,"{'criterion': 'entropy', 'max_depth': 3, 'max_features': 12, 'min_samples_leaf': 5}",0.5728879657496503,0.6787334152854902,0.5517782205078208,0.7366368530371752,0.712547689699025,0.6505168288558323,0.07461396005754599,246
0.14531464576721193,0.014416888505641956,0.0066452503204345705,0.001456234828042486,entropy,3,12,7,"{'criterion': 'entropy', 'max_depth': 3, 'max_features': 12, 'min_samples_leaf': 7}",0.7303632741299648,0.7401975329574838,0.6886524522063499,0.7112034250349709,0.7564222128020348,0.7253677794261609,0.023485734298118635,183
0.14598121643066406,0.01999924674468148,0.006548929214477539,0.001175890819630527,entropy,3,12,8,"{'criterion': 'entropy', 'max_depth': 3, 'max_features': 12, 'min_samples_leaf': 8}",0.6284600059344665,0.7385867491840109,0.7137467678351914,0.555042177101437,0.7455701568461213,0.6762811713802453,0.07358311905376912,229
0.1541846752166748,0.01860659013242607,0.006720924377441406,0.0005186290498226338,entropy,3,12,9,"{'criterion': 'entropy', 'max_depth': 3, 'max_features': 12, 'min_samples_leaf': 9}",0.7446059938111992,0.5655122716290111,0.6258742740875758,0.7565597049722351,0.6785502331496397,0.6742204955299321,0.07198256105361539,233
0.16950879096984864,0.02151596189776992,0.005974817276000977,0.0009150274148584765,entropy,3,15,1,"{'criterion': 'entropy', 'max_depth': 3, 'max_features': 15, 'min_samples_leaf': 1}",0.6390148785553813,0.6847526599126785,0.7137467678351914,0.7393073629774066,0.7429843153878762,0.7039611969337067,0.03861322258276808,208
0.16911487579345702,0.04842270962207701,0.0062484264373779295,0.00071835710801892,entropy,3,15,2,"{'criterion': 'entropy', 'max_depth': 3, 'max_features': 15, 'min_samples_leaf': 2}",0.7303632741299648,0.7398160315374507,0.7065830189479039,0.7380780806239667,0.5513353115727003,0.6932351433623973,0.07193454567077759,216
0.1354147434234619,0.011774243337080543,0.007575082778930664,0.0028321963421859644,entropy,3,15,3,"{'criterion': 'entropy', 'max_depth': 3, 'max_features': 15, 'min_samples_leaf': 3}",0.7393921410707474,0.7273536518163707,0.7065830189479039,0.7368064092238565,0.7088172954641797,0.7237905033046117,0.013753657012738918,186
0.17638630867004396,0.017488929206138808,0.0060211181640625,0.0007525238603053628,entropy,3,15,4,"{'criterion': 'entropy', 'max_depth': 3, 'max_features': 15, 'min_samples_leaf': 4}",0.7446059938111992,0.7075155779746514,0.7450722733245729,0.725022254249502,0.6853751589656634,0.7215182516651178,0.022814520938264,190
0.15552763938903807,0.026170133876145432,0.0067554950714111325,0.0010368079952385353,entropy,3,15,5,"{'criterion': 'entropy', 'max_depth': 3, 'max_features': 15, 'min_samples_leaf': 5}",0.7446059938111992,0.6787334152854902,0.7128989869017845,0.7382476368106481,0.7131835523526918,0.7175339170323627,0.023271625272606424,192
0.14825882911682128,0.006472929820703847,0.006721591949462891,0.0010261353128611067,entropy,3,15,7,"{'criterion': 'entropy', 'max_depth': 3, 'max_features': 15, 'min_samples_leaf': 7}",0.7578313763723454,0.7398160315374507,0.6917468526132847,0.7376541901572634,0.7183128444256041,0.7290722590211897,0.022472721182260052,173
0.16130080223083496,0.024138362734854167,0.006197357177734375,0.000982287492562476,entropy,3,15,8,"{'criterion': 'entropy', 'max_depth': 3, 'max_features': 15, 'min_samples_leaf': 8}",0.715315162561994,0.7263363146962825,0.7136619897418507,0.7103556441015642,0.7218312844425604,0.7175000791088503,0.005785950930979262,194
0.1507266044616699,0.022295062227860398,0.00718536376953125,0.0014712142658730666,entropy,3,15,9,"{'criterion': 'entropy', 'max_depth': 3, 'max_features': 15, 'min_samples_leaf': 9}",0.7578313763723454,0.7398160315374507,0.7606714424992582,0.7268873723029969,0.7429843153878762,0.7456381076199855,0.012387140255195503,138
0.18182053565979003,0.012412820285458525,0.005946588516235351,0.001150052159234428,entropy,3,17,1,"{'criterion': 'entropy', 'max_depth': 3, 'max_features': 17, 'min_samples_leaf': 1}",0.7446059938111992,0.7575770420923233,0.7476580051714637,0.761137722012632,0.7475201356506994,0.7516997797476634,0.006445837917281431,125
0.18025131225585939,0.02168431258057579,0.0065267086029052734,0.0013282072775410874,entropy,3,17,2,"{'criterion': 'entropy', 'max_depth': 3, 'max_features': 17, 'min_samples_leaf': 2}",0.739222584884066,0.7128142088084439,0.7416387605442754,0.7044211775677165,0.7570580754557016,0.7310309614520406,0.019478036013116474,169
0.17568535804748536,0.012838956605143505,0.0063323974609375,0.0007012305544121689,entropy,3,17,3,"{'criterion': 'entropy', 'max_depth': 3, 'max_features': 17, 'min_samples_leaf': 3}",0.739222584884066,0.7466406680513755,0.7136619897418507,0.7380780806239667,0.7475201356506994,0.7370246917903918,0.012283139259745444,162
0.16896767616271974,0.019395720293374087,0.005959463119506836,0.0005376112038672264,entropy,3,17,4,"{'criterion': 'entropy', 'max_depth': 3, 'max_features': 17, 'min_samples_leaf': 4}",0.7510491289050909,0.7128142088084439,0.7585096011190708,0.7218430757492263,0.7475201356506994,0.7383472300465062,0.017755697236192705,158
0.17697649002075194,0.020955553523648113,0.0059452056884765625,0.0010421017270702165,entropy,3,17,5,"{'criterion': 'entropy', 'max_depth': 3, 'max_features': 17, 'min_samples_leaf': 5}",0.6196006951803654,0.705226569454453,0.7402823110508244,0.7119664278750371,0.6412886816447647,0.683672937041089,0.04554421851808444,222
0.17308616638183594,0.01798604773833801,0.005377006530761719,0.0004874372872033455,entropy,3,17,7,"{'criterion': 'entropy', 'max_depth': 3, 'max_features': 17, 'min_samples_leaf': 7}",0.6964096477470222,0.7075155779746514,0.7450722733245729,0.7481666737315078,0.741034336583298,0.7276397018722105,0.021377389941263068,176
0.1548327922821045,0.02205264416185911,0.006139707565307617,0.0008168881802087918,entropy,3,17,8,"{'criterion': 'entropy', 'max_depth': 3, 'max_features': 17, 'min_samples_leaf': 8}",0.6597431223771777,0.7147217159086092,0.7450722733245729,0.7420626510109788,0.7416701992369649,0.7206539923716606,0.03237773941446298,191
0.1815329074859619,0.01288317695942497,0.006478071212768555,0.0007128718226250481,entropy,3,17,9,"{'criterion': 'entropy', 'max_depth': 3, 'max_features': 17, 'min_samples_leaf': 9}",0.7446059938111992,0.7050146242211013,0.6326565215548302,0.6313000720613794,0.7590080542602797,0.6945170531817579,0.054039434242701086,215
0.19091415405273438,0.024913568818177752,0.005664157867431641,0.0008353510566872989,entropy,3,20,1,"{'criterion': 'entropy', 'max_depth': 3, 'max_features': 20, 'min_samples_leaf': 1}",0.7446059938111992,0.7340087321436141,0.7450722733245729,0.6427451146623713,0.7455701568461213,0.7224004541575757,0.040059100654464726,188
0.18769893646240235,0.017174653982336283,0.006584835052490234,0.0008713420553956592,entropy,3,20,2,"{'criterion': 'entropy', 'max_depth': 3, 'max_features': 20, 'min_samples_leaf': 2}",0.7578313763723454,0.7459624433046501,0.5829341698105209,0.6309185706413463,0.6369224247562526,0.670913796977023,0.06882210580184411,235
0.2033299446105957,0.011105977650593917,0.0053502082824707035,0.0007301587821001942,entropy,3,20,3,"{'criterion': 'entropy', 'max_depth': 3, 'max_features': 20, 'min_samples_leaf': 3}",0.7446059938111992,0.7435462676444407,0.7476580051714637,0.7481666737315078,0.6036456125476897,0.7175245105812602,0.05696650182462184,193
0.17340340614318847,0.03439128751644333,0.006679153442382813,0.0010027798322588544,entropy,3,20,4,"{'criterion': 'entropy', 'max_depth': 3, 'max_features': 20, 'min_samples_leaf': 4}",0.7446059938111992,0.7528294688652453,0.7454961637912764,0.6368106481285236,0.7068249258160237,0.7173134400824537,0.04333877282314124,195
0.19985365867614746,0.014553956284325119,0.006189775466918945,0.001150133166936245,entropy,3,20,5,"{'criterion': 'entropy', 'max_depth': 3, 'max_features': 20, 'min_samples_leaf': 5}",0.7458352761646391,0.7459624433046501,0.739604086304099,0.7075579670213217,0.7475201356506994,0.7372959816890818,0.015114478453450143,160
0.20077204704284668,0.022670252171246123,0.005358219146728516,0.00073586889274316,entropy,3,20,7,"{'criterion': 'entropy', 'max_depth': 3, 'max_features': 20, 'min_samples_leaf': 7}",0.749311177991607,0.7606714424992582,0.7403670891441652,0.7420626510109788,0.7570580754557016,0.7498940872203421,0.007998862204815143,127
0.19435606002807618,0.010535416720311223,0.006360530853271484,0.0011092966182807262,entropy,3,20,8,"{'criterion': 'entropy', 'max_depth': 3, 'max_features': 20, 'min_samples_leaf': 8}",0.7446059938111992,0.7075155779746514,0.7450722733245729,0.7481666737315078,0.7068249258160237,0.730437088931591,0.01903793358758595,170
0.18348031044006347,0.014015687218410136,0.005338621139526367,0.00037178805168413057,entropy,3,20,9,"{'criterion': 'entropy', 'max_depth': 3, 'max_features': 20, 'min_samples_leaf': 9}",0.7510491289050909,0.7412148700775719,0.7136619897418507,0.7473188927981009,0.7116998728274693,0.7329889508700168,0.016887505934751787,167
0.20551424026489257,0.03330384389352339,0.005686187744140625,0.0007207445714840087,entropy,3,22,1,"{'criterion': 'entropy', 'max_depth': 3, 'max_features': 22, 'min_samples_leaf': 1}",0.7303632741299648,0.7459624433046501,0.7065830189479039,0.7481666737315078,0.712547689699025,0.7287246199626104,0.01691014348875616,175
0.19826140403747558,0.028008453154725978,0.006142473220825196,0.0013374398588203128,entropy,3,22,2,"{'criterion': 'entropy', 'max_depth': 3, 'max_features': 22, 'min_samples_leaf': 2}",0.7510491289050909,0.7466406680513755,0.7476580051714637,0.7481666737315078,0.7137346333192031,0.7414498218357282,0.013934711298572974,150
0.2167595386505127,0.010583835616289004,0.0058209896087646484,0.0007358406199201279,entropy,3,22,3,"{'criterion': 'entropy', 'max_depth': 3, 'max_features': 22, 'min_samples_leaf': 3}",0.7285405451231401,0.7459624433046501,0.7450722733245729,0.7481666737315078,0.7455701568461213,0.7426624184659985,0.007139700828493749,147
0.21642708778381348,0.01651860124470964,0.005439090728759766,0.0007359766964739547,entropy,3,22,4,"{'criterion': 'entropy', 'max_depth': 3, 'max_features': 22, 'min_samples_leaf': 4}",0.7446059938111992,0.7466406680513755,0.7450722733245729,0.7420626510109788,0.7475201356506994,0.7451803443697652,0.0018798264966619987,141
0.19858522415161134,0.022881697867501452,0.005883169174194336,0.0008211671167130856,entropy,3,22,5,"{'criterion': 'entropy', 'max_depth': 3, 'max_features': 22, 'min_samples_leaf': 5}",0.7510491289050909,0.7466406680513755,0.7403670891441652,0.7435038785977703,0.5835099618482408,0.7130141453093285,0.06484835219989238,200
0.198295259475708,0.01751215045511305,0.005672740936279297,0.00021448548814614519,entropy,3,22,7,"{'criterion': 'entropy', 'max_depth': 3, 'max_features': 22, 'min_samples_leaf': 7}",0.7449874952312322,0.6835657666059091,0.7128989869017845,0.7481666737315078,0.7468418821534548,0.7272921609247776,0.025495971288969813,177
0.2105091094970703,0.02016472936154384,0.005687332153320313,0.0008490149889549667,entropy,3,22,8,"{'criterion': 'entropy', 'max_depth': 3, 'max_features': 22, 'min_samples_leaf': 8}",0.7385443601373405,0.7459624433046501,0.7476580051714637,0.7112034250349709,0.7010597710894447,0.728885600947574,0.019101044403996553,174
0.20337977409362792,0.008585703650156006,0.00557403564453125,0.0006514162524838343,entropy,3,22,9,"{'criterion': 'entropy', 'max_depth': 3, 'max_features': 22, 'min_samples_leaf': 9}",0.7446059938111992,0.7128142088084439,0.7580857106523674,0.7112034250349709,0.7068249258160237,0.726706852824601,0.02065751591646793,180
0.230818510055542,0.009209104225588915,0.005398750305175781,0.0006619195736616312,entropy,3,25,1,"{'criterion': 'entropy', 'max_depth': 3, 'max_features': 25, 'min_samples_leaf': 1}",0.7446059938111992,0.7459624433046501,0.7476580051714637,0.7420626510109788,0.7475201356506994,0.7455618457897982,0.0020759228697939222,139
0.22096638679504393,0.01593623394771454,0.005741214752197266,0.0008798324047070989,entropy,3,25,2,"{'criterion': 'entropy', 'max_depth': 3, 'max_features': 25, 'min_samples_leaf': 2}",0.7446059938111992,0.7340087321436141,0.7476580051714637,0.7368064092238565,0.7449342941924544,0.7416026869085176,0.005243257905375692,149
0.22286434173583985,0.014406733437658432,0.005681037902832031,0.00046494745491999046,entropy,3,25,3,"{'criterion': 'entropy', 'max_depth': 3, 'max_features': 25, 'min_samples_leaf': 3}",0.7510491289050909,0.7466406680513755,0.7450722733245729,0.7481666737315078,0.7449342941924544,0.7471726076410004,0.002268038604828303,134
0.22686223983764647,0.005309057242784312,0.005320262908935547,0.0005277249357060883,entropy,3,25,4,"{'criterion': 'entropy', 'max_depth': 3, 'max_features': 25, 'min_samples_leaf': 4}",0.7510491289050909,0.7435462676444407,0.7454961637912764,0.7308719426900089,0.7475201356506994,0.7436967277363032,0.006876219468072459,144
0.22741332054138183,0.011697997365702364,0.005289745330810547,0.00045464769952464847,entropy,3,25,5,"{'criterion': 'entropy', 'max_depth': 3, 'max_features': 25, 'min_samples_leaf': 5}",0.7510491289050909,0.7412148700775719,0.7606714424992582,0.7473188927981009,0.7475201356506994,0.7495548939861443,0.006395409766849462,129
0.22061266899108886,0.009052134245531853,0.005770730972290039,0.0016121482985645582,entropy,3,25,7,"{'criterion': 'entropy', 'max_depth': 3, 'max_features': 25, 'min_samples_leaf': 7}",0.7510491289050909,0.7459624433046501,0.7266754270696452,0.7368064092238565,0.7252225519287834,0.7371431920864053,0.010226861295293984,161
0.2309408664703369,0.009761342669220798,0.005211353302001953,0.000526067599014234,entropy,3,25,8,"{'criterion': 'entropy', 'max_depth': 3, 'max_features': 25, 'min_samples_leaf': 8}",0.7510491289050909,0.7459624433046501,0.7476580051714637,0.7481666737315078,0.7564222128020348,0.7498516927829495,0.0036710598642018754,128
0.21294918060302734,0.02361988185496827,0.0063745975494384766,0.0010241053304974824,entropy,3,25,9,"{'criterion': 'entropy', 'max_depth': 3, 'max_features': 25, 'min_samples_leaf': 9}",0.7446059938111992,0.7412148700775719,0.7580857106523674,0.7481666737315078,0.7475201356506994,0.7479186767846692,0.005648075920822421,130
0.5035770893096924,0.03124105867918267,0.014333868026733398,0.002222989540209886,entropy,,9,1,"{'criterion': 'entropy', 'max_depth': None, 'max_features': 9, 'min_samples_leaf': 1}",0.7587639353990929,0.7510915179517612,0.7511339069984316,0.754058751218685,0.7521407376006782,0.7534377698337298,0.002872233694573087,120
0.41621909141540525,0.06752623521734608,0.009658908843994141,0.0007213246776246867,entropy,,9,2,"{'criterion': 'entropy', 'max_depth': None, 'max_features': 9, 'min_samples_leaf': 2}",0.747446059938112,0.7638506209995337,0.6636853037175194,0.753295748378619,0.7554048325561679,0.7367365131179905,0.036902744768481606,163
0.4467188835144043,0.035975065848525827,0.010142850875854491,0.0011935478334445832,entropy,,9,3,"{'criterion': 'entropy', 'max_depth': None, 'max_features': 9, 'min_samples_leaf': 3}",0.7557543130854987,0.7712263151201729,0.7612225001059726,0.7666906871264465,0.7628656210258584,0.7635518872927898,0.005204768514485995,92
0.40526466369628905,0.030903245327839387,0.00996851921081543,0.0014317866364010991,entropy,,9,4,"{'criterion': 'entropy', 'max_depth': None, 'max_features': 9, 'min_samples_leaf': 4}",0.769997032766733,0.7730914331736679,0.7679199694798864,0.7651646814463142,0.7589232725731242,0.7670192778879452,0.004806956818919612,79
0.3906243801116943,0.042933339662862516,0.009914398193359375,0.0009998445767522629,entropy,,9,5,"{'criterion': 'entropy', 'max_depth': None, 'max_features': 9, 'min_samples_leaf': 5}",0.7778813954474164,0.7404942562841762,0.7648679581196219,0.7696579203933703,0.7679949130987707,0.7641792886686711,0.012599818651153966,90
0.3985391616821289,0.026662257391268304,0.010207223892211913,0.002434779755766732,entropy,,9,7,"{'criterion': 'entropy', 'max_depth': None, 'max_features': 9, 'min_samples_leaf': 7}",0.7802551820609555,0.7771183926073503,0.7708448137001399,0.7678775804332161,0.7765154726579059,0.7745222882919135,0.004500101652211016,45
0.3604284763336182,0.03490316496733966,0.009615516662597657,0.002445637268400607,entropy,,9,8,"{'criterion': 'entropy', 'max_depth': None, 'max_features': 9, 'min_samples_leaf': 8}",0.7803399601542961,0.7721588741469204,0.7827137467678352,0.767241744733161,0.7398897838066978,0.768468821921782,0.015334441171687224,70
0.41550207138061523,0.028277759186882297,0.009175872802734375,0.000931167653817125,entropy,,9,9,"{'criterion': 'entropy', 'max_depth': None, 'max_features': 9, 'min_samples_leaf': 9}",0.7758467212072401,0.7833919715145606,0.7759314993005807,0.7708448137001399,0.7714709622721492,0.7754971935989341,0.00448315707393805,40
0.5551475048065185,0.040839451322393444,0.012431144714355469,0.002013137547176999,entropy,,11,1,"{'criterion': 'entropy', 'max_depth': None, 'max_features': 11, 'min_samples_leaf': 1}",0.7579585435123564,0.7546945869187403,0.7521088550718494,0.7513882412784536,0.7565493853327682,0.7545399224228335,0.002513643369584799,115
0.5101637363433837,0.04663689225851166,0.011204719543457031,0.0006435586912871041,entropy,,11,2,"{'criterion': 'entropy', 'max_depth': None, 'max_features': 11, 'min_samples_leaf': 2}",0.7565597049722351,0.7585096011190708,0.755669534992158,0.7558390911788394,0.7581178465451462,0.75693915576149,0.001168047299556898,99
0.5117515087127685,0.05358394936960441,0.010881853103637696,0.0018392598284056598,entropy,,11,3,"{'criterion': 'entropy', 'max_depth': None, 'max_features': 11, 'min_samples_leaf': 3}",0.7710143698868213,0.7718197617735577,0.761264889152643,0.7704209232334365,0.7716405256464604,0.7692320939385838,0.004014043917665754,68
0.5344409465789794,0.058273976444882615,0.01091623306274414,0.0015001447277322773,entropy,,11,4,"{'criterion': 'entropy', 'max_depth': None, 'max_features': 11, 'min_samples_leaf': 4}",0.7700394218134035,0.7672841337798313,0.7749989402738332,0.7741511593404264,0.7758372191606613,0.7724621748736311,0.003266821486524034,52
0.5220747470855713,0.03907943341253011,0.010167694091796875,0.0010621027725028,entropy,,11,5,"{'criterion': 'entropy', 'max_depth': None, 'max_features': 11, 'min_samples_leaf': 5}",0.7800432368276038,0.77707600356068,0.7758043321605697,0.7742359374337671,0.7710470538363714,0.7756413127637984,0.002984766100731938,39
0.49220051765441897,0.0368840424106035,0.009221506118774415,0.0008369194501218095,entropy,,11,7,"{'criterion': 'entropy', 'max_depth': None, 'max_features': 11, 'min_samples_leaf': 7}",0.7808910177610106,0.7794074011275487,0.7853418676613962,0.775592386927218,0.7807121661721068,0.780388967929856,0.0031259683168486326,9
0.48875837326049804,0.02747257022377217,0.009994411468505859,0.0018435371599505308,entropy,,11,8,"{'criterion': 'entropy', 'max_depth': None, 'max_features': 11, 'min_samples_leaf': 8}",0.7881819337883091,0.7775422830740537,0.7802127930142851,0.7802127930142851,0.7847392963119966,0.7821778198405859,0.0037900239572031783,1
0.4676778793334961,0.03969005958222515,0.010229110717773438,0.0012320488928901049,entropy,,11,9,"{'criterion': 'entropy', 'max_depth': None, 'max_features': 11, 'min_samples_leaf': 9}",0.7898774956551227,0.7187486753422916,0.7781357297274384,0.7813996863210546,0.7699025010597711,0.7676128176211356,0.025256572873607212,75
0.6378301620483399,0.028892278908575566,0.014280319213867188,0.002554188010098164,entropy,,12,1,"{'criterion': 'entropy', 'max_depth': None, 'max_features': 12, 'min_samples_leaf': 1}",0.7568988173455979,0.7552456445254546,0.7510915179517612,0.7566868721122462,0.7533276812208562,0.7546501066311833,0.0021896182882262965,113
0.652586555480957,0.033547845731793605,0.012546300888061523,0.0021179347285102154,entropy,,12,2,"{'criterion': 'entropy', 'max_depth': None, 'max_features': 12, 'min_samples_leaf': 2}",0.7582976558857192,0.7630876181594676,0.7595693272858294,0.755033699292103,0.7560406952098346,0.7584057991665907,0.002837241478101673,96
0.6003375053405762,0.02559809752788501,0.012279844284057618,0.0024309525612368236,entropy,,12,3,"{'criterion': 'entropy', 'max_depth': None, 'max_features': 12, 'min_samples_leaf': 3}",0.7740663812470857,0.7729642660336569,0.7688949175533042,0.7702513670467551,0.7686307757524374,0.770961541526648,0.0021844306660502404,61
0.5565627574920654,0.020433562167663247,0.00951838493347168,0.0006614722629350223,entropy,,12,4,"{'criterion': 'entropy', 'max_depth': None, 'max_features': 12, 'min_samples_leaf': 4}",0.7766945021406468,0.7683014708999195,0.7662244076130728,0.7705480903734475,0.7715557439593048,0.7706648429972784,0.003534603772883112,63
0.5231618881225586,0.05911884180338044,0.009537315368652344,0.0008915858111031138,entropy,,12,5,"{'criterion': 'entropy', 'max_depth': None, 'max_features': 12, 'min_samples_leaf': 5}",0.7782205078207791,0.7768640583273282,0.7728370988936459,0.7707600356067992,0.7697329376854599,0.7736829276668025,0.0033337777698501697,46
0.52243070602417,0.023900688724595782,0.00982975959777832,0.0009209251351466424,entropy,,12,7,"{'criterion': 'entropy', 'max_depth': None, 'max_features': 12, 'min_samples_leaf': 7}",0.7786020092408121,0.7736848798270527,0.7583400449323895,0.7738968250604044,0.7709622721492158,0.771097206241975,0.006835486230707246,59
0.5402430534362793,0.03941588050185053,0.012879562377929688,0.006755694842234409,entropy,,12,8,"{'criterion': 'entropy', 'max_depth': None, 'max_features': 12, 'min_samples_leaf': 8}",0.7773303378407019,0.7796617354075707,0.7799160696875928,0.7782205078207791,0.7793132683340398,0.7788883838181369,0.0009703920233246901,20
0.5085731983184815,0.038308387851568045,0.01117253303527832,0.0014641391902533514,entropy,,12,9,"{'criterion': 'entropy', 'max_depth': None, 'max_features': 12, 'min_samples_leaf': 9}",0.7875884871349244,0.7641049552795558,0.7786867873341529,0.7776694502140646,0.7542178889359898,0.7724535137797375,0.011809856502313601,53
0.7606620788574219,0.028346068838725216,0.013148927688598632,0.002765280223737712,entropy,,15,1,"{'criterion': 'entropy', 'max_depth': None, 'max_features': 15, 'min_samples_leaf': 1}",0.7589334915857743,0.7548217540587512,0.7511762960451019,0.753295748378619,0.7547265790589233,0.7545907738254339,0.0025403441458149286,114
0.7102751731872559,0.021292430688677817,0.013166475296020507,0.0019190302776657467,entropy,,15,2,"{'criterion': 'entropy', 'max_depth': None, 'max_features': 15, 'min_samples_leaf': 2}",0.7578737654190157,0.7583824339790598,0.7521936331651902,0.7553304226187953,0.7536668079694786,0.7554894126303079,0.0023775633998479326,106
0.6811753749847412,0.06667644685244742,0.010837984085083009,0.0013706169684433132,entropy,,15,3,"{'criterion': 'entropy', 'max_depth': None, 'max_features': 15, 'min_samples_leaf': 3}",0.7721164851002501,0.7649103471662922,0.7595693272858294,0.7666482980797762,0.764349300551081,0.7655187516366458,0.004048194263399793,85
0.6685227870941162,0.033699222386364504,0.011216497421264649,0.0016706568408647164,entropy,,15,4,"{'criterion': 'entropy', 'max_depth': None, 'max_features': 15, 'min_samples_leaf': 4}",0.7733881565003603,0.7704209232334365,0.7697426984867111,0.767623246153194,0.766129715981348,0.7694609480710101,0.0024858864507745194,67
0.6711525440216064,0.05591102290880329,0.010233020782470703,0.0009333422833265742,entropy,,15,5,"{'criterion': 'entropy', 'max_depth': None, 'max_features': 15, 'min_samples_leaf': 5}",0.777966173540757,0.7780085625874275,0.7756771650205587,0.7755076088338774,0.7723611699872828,0.7759041359939806,0.002070843686404847,37
0.6690557956695556,0.0387921574690294,0.009839916229248047,0.0009589816542330264,entropy,,15,7,"{'criterion': 'entropy', 'max_depth': None, 'max_features': 15, 'min_samples_leaf': 7}",0.7788139544741639,0.779322623034208,0.7777118392607351,0.7722436522402611,0.7780415430267063,0.7772267224072149,0.0025550876448718228,28
0.689606761932373,0.03441424417497775,0.01052098274230957,0.0018078592774785549,entropy,,15,8,"{'criterion': 'entropy', 'max_depth': None, 'max_features': 15, 'min_samples_leaf': 8}",0.7829680810478572,0.7809334068076809,0.7825018015344835,0.7778813954474164,0.7794404408647732,0.7807450251404423,0.0018955760955343807,7
0.6868039131164551,0.053511901054232425,0.01079545021057129,0.0014644036463878692,entropy,,15,9,"{'criterion': 'entropy', 'max_depth': None, 'max_features': 15, 'min_samples_leaf': 9}",0.7849179771946929,0.7815268534610657,0.7797465135009114,0.7802551820609555,0.7557015684612124,0.7764296189357676,0.010519722667395202,33
0.8543902397155761,0.03181591552817187,0.011411285400390625,0.0007605043920404195,entropy,,17,1,"{'criterion': 'entropy', 'max_depth': None, 'max_features': 17, 'min_samples_leaf': 1}",0.7591030477724556,0.7563477597388835,0.7554999788054767,0.7578313763723454,0.7560406952098346,0.7569645715797992,0.0013193534297988461,98
0.8081505775451661,0.015630928858028307,0.010470151901245117,0.0005284171824651765,entropy,,17,2,"{'criterion': 'entropy', 'max_depth': None, 'max_features': 17, 'min_samples_leaf': 2}",0.7602475520325548,0.7564749268788945,0.7502013479716841,0.7524903564918825,0.7560406952098346,0.7550909757169701,0.003466388526219571,110
0.7524275779724121,0.013477214256002654,0.010510396957397462,0.0010410859876875036,entropy,,17,3,"{'criterion': 'entropy', 'max_depth': None, 'max_features': 17, 'min_samples_leaf': 3}",0.7691916408799966,0.7617735577126871,0.7659700733330508,0.7663515747530838,0.7615938957185248,0.7649761484794686,0.0029101986731498285,88
0.762070608139038,0.050542105005444246,0.011047697067260743,0.0010641039047994028,entropy,,17,4,"{'criterion': 'entropy', 'max_depth': None, 'max_features': 17, 'min_samples_leaf': 4}",0.7713110932135137,0.7694459751600187,0.7694459751600187,0.7692340299266669,0.7682068673166595,0.7695287881553755,0.0010024654030825915,66
0.708429479598999,0.052593527668400746,0.010407972335815429,0.001140389230609912,entropy,,17,5,"{'criterion': 'entropy', 'max_depth': None, 'max_features': 17, 'min_samples_leaf': 5}",0.7759314993005807,0.7729642660336569,0.7706328684667881,0.7746174388538002,0.7726155150487495,0.7733523175407151,0.001807848203651218,48
0.7176857948303222,0.054828679216698636,0.009885168075561524,0.001120799594506067,entropy,,17,7,"{'criterion': 'entropy', 'max_depth': None, 'max_features': 17, 'min_samples_leaf': 7}",0.7799160696875928,0.7758043321605697,0.7764401678606249,0.7764825569072952,0.7763459092835947,0.7769978071799354,0.0014793278207753011,31
0.6625731468200684,0.04773121486960595,0.009816932678222656,0.0014238876801518903,entropy,,17,8,"{'criterion': 'entropy', 'max_depth': None, 'max_features': 17, 'min_samples_leaf': 8}",0.7770336145140095,0.7847060319613411,0.7763977788139544,0.7744054936204485,0.783467571004663,0.7792020979828834,0.004100280217362768,18
0.6784098625183106,0.03165659235950317,0.010828542709350585,0.0017598381869431896,entropy,,17,9,"{'criterion': 'entropy', 'max_depth': None, 'max_features': 17, 'min_samples_leaf': 9}",0.783688694841253,0.784070196261286,0.7800432368276038,0.778941121614175,0.7802034760491734,0.7813893451186982,0.0020825975753772682,4
0.9318589687347412,0.04521282228168538,0.01219182014465332,0.0011002976395767107,entropy,,20,1,"{'criterion': 'entropy', 'max_depth': None, 'max_features': 20, 'min_samples_leaf': 1}",0.7613920562926539,0.757534653045653,0.7510067398584206,0.7527446907719045,0.7560830860534125,0.755752245204409,0.003651276684784925,101
0.8938625812530517,0.045739515515943026,0.011213350296020507,0.0015002164054762662,entropy,,20,2,"{'criterion': 'entropy', 'max_depth': None, 'max_features': 20, 'min_samples_leaf': 2}",0.7554999788054767,0.7551608664321139,0.7511339069984316,0.7554575897588063,0.7534548537515896,0.7541414391492837,0.0016812949506918658,118
0.8915249824523925,0.02261741038657912,0.011168575286865235,0.0013714403242230985,entropy,,20,3,"{'criterion': 'entropy', 'max_depth': None, 'max_features': 20, 'min_samples_leaf': 3}",0.7701665889534144,0.7646560128862702,0.7626637276927641,0.7610953329659615,0.7672742687579482,0.7651711862512717,0.0032416766096721233,87
0.8290854454040527,0.03543180299038422,0.00996246337890625,0.0014647758208607784,entropy,,20,4,"{'criterion': 'entropy', 'max_depth': None, 'max_features': 20, 'min_samples_leaf': 4}",0.7719469289135688,0.7648255690729515,0.7641897333728964,0.7625789495994235,0.7651123357354811,0.7657307033388643,0.0032295896642746146,83
0.833849287033081,0.034334426386856985,0.009316635131835938,0.000978381941194555,entropy,,20,5,"{'criterion': 'entropy', 'max_depth': None, 'max_features': 20, 'min_samples_leaf': 5}",0.773854436013734,0.7731338222203382,0.771353482260184,0.7725403755669535,0.773505722763883,0.7728775677650186,0.0008776162975128506,51
0.8215586185455322,0.04810230660266254,0.00903911590576172,0.00031088442129942437,entropy,,20,7,"{'criterion': 'entropy', 'max_depth': None, 'max_features': 20, 'min_samples_leaf': 7}",0.7834767496079014,0.775465219787207,0.7786443982874826,0.775465219787207,0.7797795676133955,0.7785662310166386,0.0029941285859000945,21
0.8089021205902099,0.03174068884088282,0.009195709228515625,0.0005531355553480749,entropy,,20,8,"{'criterion': 'entropy', 'max_depth': None, 'max_features': 20, 'min_samples_leaf': 8}",0.7809334068076809,0.7760586664405917,0.7789835106608453,0.775465219787207,0.7780839338702841,0.7779049475133217,0.001986349689951844,25
0.7643768787384033,0.013472741800920982,0.008823490142822266,0.0003903686916091162,entropy,,20,9,"{'criterion': 'entropy', 'max_depth': None, 'max_features': 20, 'min_samples_leaf': 9}",0.7808910177610106,0.7822474672544615,0.7786020092408121,0.7772455597473613,0.7805849936413735,0.7799142095290038,0.0017715393596712688,11
0.9824517250061036,0.04173254938537887,0.011264228820800781,0.0011177862699398842,entropy,,22,1,"{'criterion': 'entropy', 'max_depth': None, 'max_features': 22, 'min_samples_leaf': 1}",0.759399771099148,0.7537196388453223,0.7542706964520368,0.7560934254588614,0.7533276812208562,0.755362242615245,0.002230036988394719,108
0.9571728229522705,0.026375603550487906,0.01094069480895996,0.0011752406910791899,entropy,,22,2,"{'criterion': 'entropy', 'max_depth': None, 'max_features': 22, 'min_samples_leaf': 2}",0.7582552668390488,0.7590606587257852,0.7505404603450468,0.7502437370183545,0.7488342518016109,0.7533868749459692,0.004349731752915511,121
0.9583375453948975,0.018460999845807097,0.010399627685546874,0.0009730245205969637,entropy,,22,3,"{'criterion': 'entropy', 'max_depth': None, 'max_features': 22, 'min_samples_leaf': 3}",0.7680895256665677,0.7634267305328303,0.7616040015260057,0.7631723962528083,0.7606189063162357,0.7633823120588896,0.0025691515036944906,93
0.9266517639160157,0.039452919109745105,0.00936121940612793,0.00018322199600480542,entropy,,22,4,"{'criterion': 'entropy', 'max_depth': None, 'max_features': 22, 'min_samples_leaf': 4}",0.7724555974736128,0.7671145775931499,0.7666482980797762,0.7678775804332161,0.7636710470538364,0.7675534201267183,0.0028362324309154376,76
0.923107099533081,0.040159665028490735,0.011011934280395508,0.002006882786919999,entropy,,22,5,"{'criterion': 'entropy', 'max_depth': None, 'max_features': 22, 'min_samples_leaf': 5}",0.7776270611673943,0.7742359374337671,0.7737696579203933,0.7711415370268323,0.7700720644340823,0.7733692515964938,0.0026410061451899135,47
0.8727155685424804,0.030662593939752653,0.010216760635375976,0.0012000989379561623,entropy,,22,7,"{'criterion': 'entropy', 'max_depth': None, 'max_features': 22, 'min_samples_leaf': 7}",0.7808062396676698,0.7762706116739434,0.775210885507185,0.7769064473739986,0.7779143704959729,0.7774217109437539,0.0019066212682994992,27
0.8637531280517579,0.025426773089706325,0.008869266510009766,0.0006559923948259566,entropy,,22,8,"{'criterion': 'entropy', 'max_depth': None, 'max_features': 22, 'min_samples_leaf': 8}",0.785553812894748,0.7784748421008012,0.7808486287143402,0.7803823492009665,0.7802882577363289,0.7811095781294369,0.0023649346836464424,5
0.8966064929962159,0.0385979432697745,0.010046768188476562,0.00135408971243748,entropy,,22,9,"{'criterion': 'entropy', 'max_depth': None, 'max_features': 22, 'min_samples_leaf': 9}",0.7828409139078462,0.7819931329744394,0.7799160696875928,0.7807638506209995,0.7831284442560407,0.7817284822893835,0.0012233389794919316,2
1.1256393432617187,0.01792181074391244,0.011602210998535156,0.0014948391899898613,entropy,,25,1,"{'criterion': 'entropy', 'max_depth': None, 'max_features': 25, 'min_samples_leaf': 1}",0.7625789495994235,0.7569412063922683,0.755033699292103,0.7543978635920479,0.7562526494277236,0.7570408736607133,0.0029091499541228786,97
1.0900983333587646,0.0183138934602557,0.01133279800415039,0.00189945184475583,entropy,,25,2,"{'criterion': 'entropy', 'max_depth': None, 'max_features': 25, 'min_samples_leaf': 2}",0.7580857106523674,0.7567292611589166,0.7518545207918274,0.753677249798652,0.7531157270029674,0.7546924938809462,0.0023338100433048237,112
1.0479875087738038,0.022520272558581182,0.010452890396118164,0.0005485761600291534,entropy,,25,3,"{'criterion': 'entropy', 'max_depth': None, 'max_features': 25, 'min_samples_leaf': 3}",0.7662244076130728,0.7649103471662922,0.7626637276927641,0.7646984019329405,0.7607884696905468,0.7638570708191232,0.0019111197401575273,91
1.024779748916626,0.02229270419526651,0.009606885910034179,0.00031617091848508134,entropy,,25,4,"{'criterion': 'entropy', 'max_depth': None, 'max_features': 25, 'min_samples_leaf': 4}",0.7683014708999195,0.7680895256665677,0.7605018863125769,0.7668602433131279,0.7660025434506147,0.7659511339285613,0.0028502710571622573,82
1.0359652996063233,0.024683474822676736,0.009655284881591796,0.00046208796370280096,entropy,,25,5,"{'criterion': 'entropy', 'max_depth': None, 'max_features': 25, 'min_samples_leaf': 5}",0.7746174388538002,0.7726251536602942,0.7689373065999746,0.7724555974736128,0.7654514624841035,0.770817391814357,0.0032471524807510784,62
1.0110185146331787,0.021192429160521793,0.008950901031494141,0.00032092612319240324,entropy,,25,7,"{'criterion': 'entropy', 'max_depth': None, 'max_features': 25, 'min_samples_leaf': 7}",0.7776270611673943,0.775338052647196,0.7755076088338774,0.775719554067229,0.7728698601102162,0.7754124273651826,0.0015151349145006595,41
0.987764310836792,0.022752391299375497,0.008844661712646484,0.00021775380595568595,entropy,,25,8,"{'criterion': 'entropy', 'max_depth': None, 'max_features': 25, 'min_samples_leaf': 8}",0.7800856258742741,0.7753804416938663,0.7781357297274384,0.7794074011275487,0.7788045782111064,0.7783627553268468,0.0016248390973520998,24
0.891396427154541,0.02441073194506693,0.006071567535400391,0.000312559610018864,entropy,,25,9,"{'criterion': 'entropy', 'max_depth': None, 'max_features': 25, 'min_samples_leaf': 9}",0.7822050782077911,0.7784324530541308,0.7806790725276589,0.7768216692806579,0.781263247138618,0.7798803040417714,0.001970109474646478,12
